name1,pwd1
name2,pwd2
name3,pwd3
name4,pwd4
name5,pwd5
name6,pwd6
name7,pwd7
name8,pwd8
name9,pwd9
name10,pwd10
name11,pwd11
name12,pwd12
name13,pwd13
name14,pwd14
name15,pwd15
name16,pwd16
name17,pwd17
name18,pwd18
name19,pwd19
name20,pwd20
name21,pwd21
name22,pwd22
name23,pwd23
name24,pwd24
name25,pwd25
name26,pwd26
name27,pwd27
name28,pwd28
name29,pwd29
name30,pwd30
name31,pwd31
name32,pwd32
name33,pwd33
name34,pwd34
name35,pwd35
name36,pwd36
name37,pwd37
name38,pwd38
name39,pwd39
name40,pwd40
name41,pwd41
name42,pwd42
name43,pwd43
name44,pwd44
name45,pwd45
name46,pwd46
name47,pwd47
name48,pwd48
name49,pwd49
name50,pwd50